policy,demos,steps,checkpoint,n,successes,picked,unsafe_stops,mean_grab_attempts,success_rate,pick_rate,ci95_low,ci95_high,Dropped in transit,KnockedBoltOver,Stalled or timed out,Unsafe,success,positions_with_success
ACT,10,5000,act_n10_s50k_005000,10,0,0,10,,0.0,0.0,0.0,0.2775401687666166,0,0,0,10,0,
ACT,10,20000,act_n10_s50k_020000,10,0,0,2,6.75,0.0,0.0,0.0,0.2775401687666166,0,4,4,2,0,
ACT,10,50000,act_n10_s50k_050000,10,0,0,0,5.5,0.0,0.0,0.0,0.2775401687666166,0,8,2,0,0,
ACT,25,5000,act_n25_s50k_005000,10,0,1,2,4.5,0.0,0.1,0.0,0.2775401687666166,1,6,1,2,0,
ACT,25,20000,act_n25_s50k_020000,10,6,6,0,1.8,0.6,0.6,0.3126695474501864,0.8318224187964902,0,4,0,0,6,P1 P2 P3 P5
ACT,25,50000,act_n25_s50k_050000,10,2,2,0,4.0,0.2,0.2,0.056680947980693314,0.5098431532792765,0,6,2,0,2,P1 P2
ACT,50,5000,act_n50_s50k_005000,10,1,1,4,2.5,0.1,0.1,0.01787574951572113,0.4041563854975721,0,5,0,4,1,P1
ACT,50,20000,act_n50_s50k_020000,10,6,6,1,3.0,0.6,0.6,0.3126695474501864,0.8318224187964902,0,2,1,1,6,P1 P2 P5
ACT,50,50000,act_n50_s50k_050000,10,5,5,0,6.1,0.5,0.5,0.23658959361548731,0.7634104063845126,0,1,4,0,5,P1 P2 P4
ACT,100,5000,act_n100_s50k_005000,10,0,0,10,,0.0,0.0,0.0,0.2775401687666166,0,0,0,10,0,
ACT,100,20000,act_n100_s50k_020000,10,3,3,0,5.4,0.3,0.3,0.10778928748621183,0.6032267800204347,0,3,4,0,3,P2 P5
ACT,100,50000,act_n100_s50k_050000,10,6,6,0,4.6,0.6,0.6,0.3126695474501864,0.8318224187964902,0,0,4,0,6,P2 P3 P5
Diffusion,10,5000,diffusionnostateh48_n10_s5k_005000,10,0,0,10,,0.0,0.0,0.0,0.2775401687666166,0,0,0,10,0,
Diffusion,10,20000,diffusionnostateh48_n10_s20k_020000,10,0,0,2,10.0,0.0,0.0,0.0,0.2775401687666166,0,0,8,2,0,
Diffusion,10,50000,diffusionnostateh48_n10_s50k_050000,10,2,2,0,8.2,0.2,0.2,0.056680947980693314,0.5098431532792765,0,0,8,0,2,P2
Diffusion,25,5000,diffusionnostateh48_n25_s5k_005000,10,1,1,2,7.625,0.1,0.1,0.01787574951572113,0.4041563854975721,0,2,5,2,1,P2
Diffusion,25,20000,diffusionnostateh48_n25_s20k_020000,10,8,8,0,3.3,0.8,0.8,0.49015684672072335,0.9433190520193067,0,0,2,0,8,P1 P2 P3 P4
Diffusion,25,50000,diffusionnostateh48_n25_s50k_050000,10,5,5,0,5.9,0.5,0.5,0.23658959361548731,0.7634104063845126,0,0,5,0,5,P2 P3 P4
Diffusion,50,5000,diffusionnostateh48_n50_s5k_005000,10,2,3,2,7.5,0.2,0.3,0.056680947980693314,0.5098431532792765,0,1,5,2,2,P1 P2
Diffusion,50,20000,diffusionnostateh48_n50_s20k_020000,10,4,4,0,6.6,0.4,0.4,0.16817758120350967,0.6873304525498135,0,0,6,0,4,P1 P3
Diffusion,50,50000,diffusionnostateh48_n50_s50k_050000,10,1,3,0,7.6,0.1,0.3,0.01787574951572113,0.4041563854975721,0,4,5,0,1,P5
Diffusion,100,5000,diffusionnostateh48_n100_s5k_005000,10,0,0,2,10.0,0.0,0.0,0.0,0.2775401687666166,0,0,8,2,0,
Diffusion,100,20000,diffusionnostateh48_n100_s20k_020000,10,6,6,0,2.4,0.6,0.6,0.3126695474501864,0.8318224187964902,0,4,0,0,6,P2 P3 P4 P5
Diffusion,100,50000,diffusionnostateh48_n100_s50k_050000,10,10,10,0,1.0,1.0,1.0,0.7224598312333834,1.0,0,0,0,0,10,P1 P2 P3 P4 P5
