Trial #,Model #,Checkpoint,Policy,Demos,Train steps,Position,Try,Picked up (Y/N),In cup (Y/N),Grab attempts,Failure mode,Notes
1,1,diffusionnostateh48_n100_s5k_005000,Diffusion,100,5000,P1,1,N,N,10,Stalled or timed out,
2,1,diffusionnostateh48_n100_s5k_005000,Diffusion,100,5000,P1,2,N,N,10,Stalled or timed out,
3,1,diffusionnostateh48_n100_s5k_005000,Diffusion,100,5000,P2,1,N,N,10,Stalled or timed out,
4,1,diffusionnostateh48_n100_s5k_005000,Diffusion,100,5000,P2,2,N,N,10,Stalled or timed out,
5,1,diffusionnostateh48_n100_s5k_005000,Diffusion,100,5000,P3,1,N,N,10,Stalled or timed out,
6,1,diffusionnostateh48_n100_s5k_005000,Diffusion,100,5000,P3,2,N,N,10,Stalled or timed out,
7,1,diffusionnostateh48_n100_s5k_005000,Diffusion,100,5000,P4,1,,,,Unsafe,
8,1,diffusionnostateh48_n100_s5k_005000,Diffusion,100,5000,P4,2,,,,Unsafe,
9,1,diffusionnostateh48_n100_s5k_005000,Diffusion,100,5000,P5,1,N,N,10,Stalled or timed out,
10,1,diffusionnostateh48_n100_s5k_005000,Diffusion,100,5000,P5,2,N,N,10,Stalled or timed out,
11,2,act_n10_s50k_050000,ACT,10,50000,P1,1,N,N,7,KnockedBoltOver,
12,2,act_n10_s50k_050000,ACT,10,50000,P1,2,N,N,8,KnockedBoltOver,
13,2,act_n10_s50k_050000,ACT,10,50000,P2,1,N,N,2,KnockedBoltOver,
14,2,act_n10_s50k_050000,ACT,10,50000,P2,2,N,N,4,KnockedBoltOver,
15,2,act_n10_s50k_050000,ACT,10,50000,P3,1,N,N,5,KnockedBoltOver,
16,2,act_n10_s50k_050000,ACT,10,50000,P3,2,N,N,2,KnockedBoltOver,
17,2,act_n10_s50k_050000,ACT,10,50000,P4,1,N,N,4,KnockedBoltOver,
18,2,act_n10_s50k_050000,ACT,10,50000,P4,2,N,N,3,KnockedBoltOver,
19,2,act_n10_s50k_050000,ACT,10,50000,P5,1,N,N,10,Stalled or timed out,
20,2,act_n10_s50k_050000,ACT,10,50000,P5,2,N,N,10,Stalled or timed out,
21,3,act_n25_s50k_050000,ACT,25,50000,P1,1,N,N,1,KnockedBoltOver,
22,3,act_n25_s50k_050000,ACT,25,50000,P1,2,Y,Y,4,NONE,
23,3,act_n25_s50k_050000,ACT,25,50000,P2,1,Y,Y,2,NONE,
24,3,act_n25_s50k_050000,ACT,25,50000,P2,2,N,N,2,KnockedBoltOver,
25,3,act_n25_s50k_050000,ACT,25,50000,P3,1,N,N,2,KnockedBoltOver,
26,3,act_n25_s50k_050000,ACT,25,50000,P3,2,N,N,5,KnockedBoltOver,
27,3,act_n25_s50k_050000,ACT,25,50000,P4,1,N,N,10,Stalled or timed out,
28,3,act_n25_s50k_050000,ACT,25,50000,P4,2,N,N,10,Stalled or timed out,
29,3,act_n25_s50k_050000,ACT,25,50000,P5,1,N,N,2,KnockedBoltOver,
30,3,act_n25_s50k_050000,ACT,25,50000,P5,2,N,N,2,KnockedBoltOver,
31,4,diffusionnostateh48_n100_s50k_050000,Diffusion,100,50000,P1,1,Y,Y,1,NONE,This model throughout all of its runs just crushed it. Like obliteration mode ya know.
32,4,diffusionnostateh48_n100_s50k_050000,Diffusion,100,50000,P1,2,Y,Y,1,NONE,
33,4,diffusionnostateh48_n100_s50k_050000,Diffusion,100,50000,P2,1,Y,Y,1,NONE,
34,4,diffusionnostateh48_n100_s50k_050000,Diffusion,100,50000,P2,2,Y,Y,1,NONE,
35,4,diffusionnostateh48_n100_s50k_050000,Diffusion,100,50000,P3,1,Y,Y,1,NONE,
36,4,diffusionnostateh48_n100_s50k_050000,Diffusion,100,50000,P3,2,Y,Y,1,NONE,
37,4,diffusionnostateh48_n100_s50k_050000,Diffusion,100,50000,P4,1,Y,Y,1,NONE,
38,4,diffusionnostateh48_n100_s50k_050000,Diffusion,100,50000,P4,2,Y,Y,1,NONE,
39,4,diffusionnostateh48_n100_s50k_050000,Diffusion,100,50000,P5,1,Y,Y,1,NONE,
40,4,diffusionnostateh48_n100_s50k_050000,Diffusion,100,50000,P5,2,Y,Y,1,NONE,
41,5,act_n100_s50k_020000,ACT,100,20000,P1,1,N,N,10,Stalled or timed out,
42,5,act_n100_s50k_020000,ACT,100,20000,P1,2,N,N,10,Stalled or timed out,
43,5,act_n100_s50k_020000,ACT,100,20000,P2,1,Y,Y,1,NONE,
44,5,act_n100_s50k_020000,ACT,100,20000,P2,2,N,N,2,KnockedBoltOver,
45,5,act_n100_s50k_020000,ACT,100,20000,P3,1,N,N,5,KnockedBoltOver,
46,5,act_n100_s50k_020000,ACT,100,20000,P3,2,N,N,1,KnockedBoltOver,
47,5,act_n100_s50k_020000,ACT,100,20000,P4,1,N,N,10,Stalled or timed out,
48,5,act_n100_s50k_020000,ACT,100,20000,P4,2,N,N,10,Stalled or timed out,
49,5,act_n100_s50k_020000,ACT,100,20000,P5,1,Y,Y,4,NONE,
50,5,act_n100_s50k_020000,ACT,100,20000,P5,2,Y,Y,1,NONE,
51,6,diffusionnostateh48_n10_s50k_050000,Diffusion,10,50000,P1,1,N,N,10,Stalled or timed out,
52,6,diffusionnostateh48_n10_s50k_050000,Diffusion,10,50000,P1,2,N,N,10,Stalled or timed out,
53,6,diffusionnostateh48_n10_s50k_050000,Diffusion,10,50000,P2,1,Y,Y,1,NONE,
54,6,diffusionnostateh48_n10_s50k_050000,Diffusion,10,50000,P2,2,Y,Y,1,NONE,
55,6,diffusionnostateh48_n10_s50k_050000,Diffusion,10,50000,P3,1,N,N,10,Stalled or timed out,
56,6,diffusionnostateh48_n10_s50k_050000,Diffusion,10,50000,P3,2,N,N,10,Stalled or timed out,
57,6,diffusionnostateh48_n10_s50k_050000,Diffusion,10,50000,P4,1,N,N,10,Stalled or timed out,
58,6,diffusionnostateh48_n10_s50k_050000,Diffusion,10,50000,P4,2,N,N,10,Stalled or timed out,
59,6,diffusionnostateh48_n10_s50k_050000,Diffusion,10,50000,P5,1,N,N,10,Stalled or timed out,
60,6,diffusionnostateh48_n10_s50k_050000,Diffusion,10,50000,P5,2,N,N,10,Stalled or timed out,
61,7,diffusionnostateh48_n50_s50k_050000,Diffusion,50,50000,P1,1,N,N,5,KnockedBoltOver,
62,7,diffusionnostateh48_n50_s50k_050000,Diffusion,50,50000,P1,2,N,N,10,Stalled or timed out,
63,7,diffusionnostateh48_n50_s50k_050000,Diffusion,50,50000,P2,1,Y,N,9,KnockedBoltOver,
64,7,diffusionnostateh48_n50_s50k_050000,Diffusion,50,50000,P2,2,Y,N,7,KnockedBoltOver,
65,7,diffusionnostateh48_n50_s50k_050000,Diffusion,50,50000,P3,1,N,N,10,Stalled or timed out,
66,7,diffusionnostateh48_n50_s50k_050000,Diffusion,50,50000,P3,2,N,N,10,Stalled or timed out,
67,7,diffusionnostateh48_n50_s50k_050000,Diffusion,50,50000,P4,1,N,N,10,Stalled or timed out,
68,7,diffusionnostateh48_n50_s50k_050000,Diffusion,50,50000,P4,2,N,N,10,Stalled or timed out,
69,7,diffusionnostateh48_n50_s50k_050000,Diffusion,50,50000,P5,1,N,N,2,KnockedBoltOver,
70,7,diffusionnostateh48_n50_s50k_050000,Diffusion,50,50000,P5,2,Y,Y,3,NONE,
71,8,act_n100_s50k_005000,ACT,100,5000,P1,1,,,,Unsafe,
72,8,act_n100_s50k_005000,ACT,100,5000,P1,2,,,,Unsafe,
73,8,act_n100_s50k_005000,ACT,100,5000,P2,1,,,,Unsafe,
74,8,act_n100_s50k_005000,ACT,100,5000,P2,2,,,,Unsafe,
75,8,act_n100_s50k_005000,ACT,100,5000,P3,1,,,,Unsafe,
76,8,act_n100_s50k_005000,ACT,100,5000,P3,2,,,,Unsafe,
77,8,act_n100_s50k_005000,ACT,100,5000,P4,1,,,,Unsafe,
78,8,act_n100_s50k_005000,ACT,100,5000,P4,2,,,,Unsafe,
79,8,act_n100_s50k_005000,ACT,100,5000,P5,1,,,,Unsafe,
80,8,act_n100_s50k_005000,ACT,100,5000,P5,2,,,,Unsafe,
81,9,act_n100_s50k_050000,ACT,100,50000,P1,1,N,N,10,Stalled or timed out,
82,9,act_n100_s50k_050000,ACT,100,50000,P1,2,N,N,10,Stalled or timed out,
83,9,act_n100_s50k_050000,ACT,100,50000,P2,1,Y,Y,1,NONE,
84,9,act_n100_s50k_050000,ACT,100,50000,P2,2,Y,Y,1,NONE,
85,9,act_n100_s50k_050000,ACT,100,50000,P3,1,Y,Y,1,NONE,
86,9,act_n100_s50k_050000,ACT,100,50000,P3,2,Y,Y,1,NONE,
87,9,act_n100_s50k_050000,ACT,100,50000,P4,1,N,N,10,Stalled or timed out,
88,9,act_n100_s50k_050000,ACT,100,50000,P4,2,N,N,10,Stalled or timed out,
89,9,act_n100_s50k_050000,ACT,100,50000,P5,1,Y,Y,1,NONE,
90,9,act_n100_s50k_050000,ACT,100,50000,P5,2,Y,Y,1,NONE,
91,10,act_n50_s50k_050000,ACT,50,50000,P1,1,Y,Y,1,NONE,
92,10,act_n50_s50k_050000,ACT,50,50000,P1,2,Y,Y,1,NONE,
93,10,act_n50_s50k_050000,ACT,50,50000,P2,1,Y,Y,5,NONE,
94,10,act_n50_s50k_050000,ACT,50,50000,P2,2,Y,Y,3,NONE,
95,10,act_n50_s50k_050000,ACT,50,50000,P3,1,N,N,10,Stalled or timed out,
96,10,act_n50_s50k_050000,ACT,50,50000,P3,2,N,N,10,Stalled or timed out,
97,10,act_n50_s50k_050000,ACT,50,50000,P4,1,N,N,1,KnockedBoltOver,
98,10,act_n50_s50k_050000,ACT,50,50000,P4,2,Y,Y,10,NONE,
99,10,act_n50_s50k_050000,ACT,50,50000,P5,1,N,N,10,Stalled or timed out,
100,10,act_n50_s50k_050000,ACT,50,50000,P5,2,N,N,10,Stalled or timed out,
101,11,diffusionnostateh48_n100_s20k_020000,Diffusion,100,20000,P1,1,N,N,3,KnockedBoltOver,
102,11,diffusionnostateh48_n100_s20k_020000,Diffusion,100,20000,P1,2,N,N,4,KnockedBoltOver,
103,11,diffusionnostateh48_n100_s20k_020000,Diffusion,100,20000,P2,1,Y,Y,2,NONE,
104,11,diffusionnostateh48_n100_s20k_020000,Diffusion,100,20000,P2,2,Y,Y,4,NONE,
105,11,diffusionnostateh48_n100_s20k_020000,Diffusion,100,20000,P3,1,Y,Y,1,NONE,
106,11,diffusionnostateh48_n100_s20k_020000,Diffusion,100,20000,P3,2,N,N,1,KnockedBoltOver,
107,11,diffusionnostateh48_n100_s20k_020000,Diffusion,100,20000,P4,1,Y,Y,1,NONE,
108,11,diffusionnostateh48_n100_s20k_020000,Diffusion,100,20000,P4,2,N,N,6,KnockedBoltOver,
109,11,diffusionnostateh48_n100_s20k_020000,Diffusion,100,20000,P5,1,Y,Y,1,NONE,
110,11,diffusionnostateh48_n100_s20k_020000,Diffusion,100,20000,P5,2,Y,Y,1,NONE,
111,12,diffusionnostateh48_n25_s50k_050000,Diffusion,25,50000,P1,1,N,N,10,Stalled or timed out,
112,12,diffusionnostateh48_n25_s50k_050000,Diffusion,25,50000,P1,2,N,N,10,Stalled or timed out,
113,12,diffusionnostateh48_n25_s50k_050000,Diffusion,25,50000,P2,1,Y,Y,1,NONE,
114,12,diffusionnostateh48_n25_s50k_050000,Diffusion,25,50000,P2,2,Y,Y,1,NONE,
115,12,diffusionnostateh48_n25_s50k_050000,Diffusion,25,50000,P3,1,Y,Y,3,NONE,
116,12,diffusionnostateh48_n25_s50k_050000,Diffusion,25,50000,P3,2,N,N,10,Stalled or timed out,
117,12,diffusionnostateh48_n25_s50k_050000,Diffusion,25,50000,P4,1,Y,Y,2,NONE,
118,12,diffusionnostateh48_n25_s50k_050000,Diffusion,25,50000,P4,2,Y,Y,2,NONE,
119,12,diffusionnostateh48_n25_s50k_050000,Diffusion,25,50000,P5,1,N,N,10,Stalled or timed out,
120,12,diffusionnostateh48_n25_s50k_050000,Diffusion,25,50000,P5,2,N,N,10,Stalled or timed out,
121,13,act_n50_s50k_005000,ACT,50,5000,P1,1,Y,Y,5,NONE,
122,13,act_n50_s50k_005000,ACT,50,5000,P1,2,N,N,4,KnockedBoltOver,
123,13,act_n50_s50k_005000,ACT,50,5000,P2,1,N,N,1,KnockedBoltOver,
124,13,act_n50_s50k_005000,ACT,50,5000,P2,2,N,N,2,KnockedBoltOver,
125,13,act_n50_s50k_005000,ACT,50,5000,P3,1,N,N,1,KnockedBoltOver,
126,13,act_n50_s50k_005000,ACT,50,5000,P3,2,N,N,2,KnockedBoltOver,
127,13,act_n50_s50k_005000,ACT,50,5000,P4,1,,,,Unsafe,
128,13,act_n50_s50k_005000,ACT,50,5000,P4,2,,,,Unsafe,
129,13,act_n50_s50k_005000,ACT,50,5000,P5,1,,,,Unsafe,
130,13,act_n50_s50k_005000,ACT,50,5000,P5,2,,,,Unsafe,
131,14,act_n50_s50k_020000,ACT,50,20000,P1,1,Y,Y,1,NONE,
132,14,act_n50_s50k_020000,ACT,50,20000,P1,2,Y,Y,2,NONE,
133,14,act_n50_s50k_020000,ACT,50,20000,P2,1,Y,Y,3,NONE,
134,14,act_n50_s50k_020000,ACT,50,20000,P2,2,Y,Y,1,NONE,
135,14,act_n50_s50k_020000,ACT,50,20000,P3,1,N,N,1,KnockedBoltOver,
136,14,act_n50_s50k_020000,ACT,50,20000,P3,2,N,N,10,Stalled or timed out,
137,14,act_n50_s50k_020000,ACT,50,20000,P4,1,N,N,1,KnockedBoltOver,
138,14,act_n50_s50k_020000,ACT,50,20000,P4,2,,,,Unsafe,
139,14,act_n50_s50k_020000,ACT,50,20000,P5,1,Y,Y,4,NONE,
140,14,act_n50_s50k_020000,ACT,50,20000,P5,2,Y,Y,4,NONE,
141,15,act_n10_s50k_020000,ACT,10,20000,P1,1,N,N,4,KnockedBoltOver,
142,15,act_n10_s50k_020000,ACT,10,20000,P1,2,N,N,3,KnockedBoltOver,
143,15,act_n10_s50k_020000,ACT,10,20000,P2,1,N,N,6,KnockedBoltOver,
144,15,act_n10_s50k_020000,ACT,10,20000,P2,2,N,N,1,KnockedBoltOver,
145,15,act_n10_s50k_020000,ACT,10,20000,P3,1,N,N,10,Stalled or timed out,
146,15,act_n10_s50k_020000,ACT,10,20000,P3,2,N,N,10,Stalled or timed out,
147,15,act_n10_s50k_020000,ACT,10,20000,P4,1,,,,Unsafe,
148,15,act_n10_s50k_020000,ACT,10,20000,P4,2,,,,Unsafe,
149,15,act_n10_s50k_020000,ACT,10,20000,P5,1,N,N,10,Stalled or timed out,
150,15,act_n10_s50k_020000,ACT,10,20000,P5,2,N,N,10,Stalled or timed out,
151,16,act_n10_s50k_005000,ACT,10,5000,P1,1,,,,Unsafe,
152,16,act_n10_s50k_005000,ACT,10,5000,P1,2,,,,Unsafe,
153,16,act_n10_s50k_005000,ACT,10,5000,P2,1,,,,Unsafe,
154,16,act_n10_s50k_005000,ACT,10,5000,P2,2,,,,Unsafe,
155,16,act_n10_s50k_005000,ACT,10,5000,P3,1,,,,Unsafe,
156,16,act_n10_s50k_005000,ACT,10,5000,P3,2,,,,Unsafe,
157,16,act_n10_s50k_005000,ACT,10,5000,P4,1,,,,Unsafe,
158,16,act_n10_s50k_005000,ACT,10,5000,P4,2,,,,Unsafe,
159,16,act_n10_s50k_005000,ACT,10,5000,P5,1,,,,Unsafe,
160,16,act_n10_s50k_005000,ACT,10,5000,P5,2,,,,Unsafe,
161,17,act_n25_s50k_005000,ACT,25,5000,P1,1,N,N,9,KnockedBoltOver,
162,17,act_n25_s50k_005000,ACT,25,5000,P1,2,N,N,8,KnockedBoltOver,
163,17,act_n25_s50k_005000,ACT,25,5000,P2,1,N,N,1,KnockedBoltOver,
164,17,act_n25_s50k_005000,ACT,25,5000,P2,2,N,N,1,KnockedBoltOver,
165,17,act_n25_s50k_005000,ACT,25,5000,P3,1,N,N,1,KnockedBoltOver,
166,17,act_n25_s50k_005000,ACT,25,5000,P3,2,N,N,2,KnockedBoltOver,
167,17,act_n25_s50k_005000,ACT,25,5000,P4,1,,,,Unsafe,
168,17,act_n25_s50k_005000,ACT,25,5000,P4,2,,,,Unsafe,
169,17,act_n25_s50k_005000,ACT,25,5000,P5,1,N,N,10,Stalled or timed out,
170,17,act_n25_s50k_005000,ACT,25,5000,P5,2,Y,N,4,Dropped in transit,Picked up the bolt but didn't get it over the edge of the cup so it did not end in the cup
171,18,act_n25_s50k_020000,ACT,25,20000,P1,1,Y,Y,2,NONE,
172,18,act_n25_s50k_020000,ACT,25,20000,P1,2,Y,Y,1,NONE,
173,18,act_n25_s50k_020000,ACT,25,20000,P2,1,Y,Y,2,NONE,
174,18,act_n25_s50k_020000,ACT,25,20000,P2,2,N,N,2,KnockedBoltOver,
175,18,act_n25_s50k_020000,ACT,25,20000,P3,1,Y,Y,1,NONE,
176,18,act_n25_s50k_020000,ACT,25,20000,P3,2,N,N,2,KnockedBoltOver,
177,18,act_n25_s50k_020000,ACT,25,20000,P4,1,N,N,2,KnockedBoltOver,
178,18,act_n25_s50k_020000,ACT,25,20000,P4,2,N,N,1,KnockedBoltOver,
179,18,act_n25_s50k_020000,ACT,25,20000,P5,1,Y,Y,3,NONE,
180,18,act_n25_s50k_020000,ACT,25,20000,P5,2,Y,Y,2,NONE,
181,19,diffusionnostateh48_n25_s20k_020000,Diffusion,25,20000,P1,1,Y,Y,4,NONE,
182,19,diffusionnostateh48_n25_s20k_020000,Diffusion,25,20000,P1,2,Y,Y,2,NONE,
183,19,diffusionnostateh48_n25_s20k_020000,Diffusion,25,20000,P2,1,Y,Y,1,NONE,
184,19,diffusionnostateh48_n25_s20k_020000,Diffusion,25,20000,P2,2,Y,Y,1,NONE,
185,19,diffusionnostateh48_n25_s20k_020000,Diffusion,25,20000,P3,1,Y,Y,1,NONE,
186,19,diffusionnostateh48_n25_s20k_020000,Diffusion,25,20000,P3,2,Y,Y,2,NONE,
187,19,diffusionnostateh48_n25_s20k_020000,Diffusion,25,20000,P4,1,Y,Y,1,NONE,
188,19,diffusionnostateh48_n25_s20k_020000,Diffusion,25,20000,P4,2,Y,Y,1,NONE,
189,19,diffusionnostateh48_n25_s20k_020000,Diffusion,25,20000,P5,1,N,N,10,Stalled or timed out,
190,19,diffusionnostateh48_n25_s20k_020000,Diffusion,25,20000,P5,2,N,N,10,Stalled or timed out,
191,20,diffusionnostateh48_n10_s20k_020000,Diffusion,10,20000,P1,1,N,N,10,Stalled or timed out,
192,20,diffusionnostateh48_n10_s20k_020000,Diffusion,10,20000,P1,2,N,N,10,Stalled or timed out,
193,20,diffusionnostateh48_n10_s20k_020000,Diffusion,10,20000,P2,1,N,N,10,Stalled or timed out,
194,20,diffusionnostateh48_n10_s20k_020000,Diffusion,10,20000,P2,2,N,N,10,Stalled or timed out,
195,20,diffusionnostateh48_n10_s20k_020000,Diffusion,10,20000,P3,1,N,N,10,Stalled or timed out,
196,20,diffusionnostateh48_n10_s20k_020000,Diffusion,10,20000,P3,2,N,N,10,Stalled or timed out,
197,20,diffusionnostateh48_n10_s20k_020000,Diffusion,10,20000,P4,1,,,,Unsafe,
198,20,diffusionnostateh48_n10_s20k_020000,Diffusion,10,20000,P4,2,,,,Unsafe,
199,20,diffusionnostateh48_n10_s20k_020000,Diffusion,10,20000,P5,1,N,N,10,Stalled or timed out,
200,20,diffusionnostateh48_n10_s20k_020000,Diffusion,10,20000,P5,2,N,N,10,Stalled or timed out,
201,21,diffusionnostateh48_n25_s5k_005000,Diffusion,25,5000,P1,1,N,N,10,Stalled or timed out,
202,21,diffusionnostateh48_n25_s5k_005000,Diffusion,25,5000,P1,2,N,N,10,Stalled or timed out,
203,21,diffusionnostateh48_n25_s5k_005000,Diffusion,25,5000,P2,1,N,N,1,KnockedBoltOver,
204,21,diffusionnostateh48_n25_s5k_005000,Diffusion,25,5000,P2,2,Y,Y,7,NONE,
205,21,diffusionnostateh48_n25_s5k_005000,Diffusion,25,5000,P3,1,N,N,3,KnockedBoltOver,
206,21,diffusionnostateh48_n25_s5k_005000,Diffusion,25,5000,P3,2,N,N,10,Stalled or timed out,
207,21,diffusionnostateh48_n25_s5k_005000,Diffusion,25,5000,P4,1,,,,Unsafe,
208,21,diffusionnostateh48_n25_s5k_005000,Diffusion,25,5000,P4,2,,,,Unsafe,
209,21,diffusionnostateh48_n25_s5k_005000,Diffusion,25,5000,P5,1,N,N,10,Stalled or timed out,
210,21,diffusionnostateh48_n25_s5k_005000,Diffusion,25,5000,P5,2,N,N,10,Stalled or timed out,
211,22,diffusionnostateh48_n50_s5k_005000,Diffusion,50,5000,P1,1,Y,Y,1,NONE,
212,22,diffusionnostateh48_n50_s5k_005000,Diffusion,50,5000,P1,2,Y,N,10,Stalled or timed out,
213,22,diffusionnostateh48_n50_s5k_005000,Diffusion,50,5000,P2,1,Y,Y,6,NONE,
214,22,diffusionnostateh48_n50_s5k_005000,Diffusion,50,5000,P2,2,N,N,3,KnockedBoltOver,
215,22,diffusionnostateh48_n50_s5k_005000,Diffusion,50,5000,P3,1,N,N,10,Stalled or timed out,
216,22,diffusionnostateh48_n50_s5k_005000,Diffusion,50,5000,P3,2,N,N,10,Stalled or timed out,
217,22,diffusionnostateh48_n50_s5k_005000,Diffusion,50,5000,P4,1,,,,Unsafe,
218,22,diffusionnostateh48_n50_s5k_005000,Diffusion,50,5000,P4,2,,,,Unsafe,
219,22,diffusionnostateh48_n50_s5k_005000,Diffusion,50,5000,P5,1,N,N,10,Stalled or timed out,
220,22,diffusionnostateh48_n50_s5k_005000,Diffusion,50,5000,P5,2,N,N,10,Stalled or timed out,
221,23,diffusionnostateh48_n50_s20k_020000,Diffusion,50,20000,P1,1,Y,Y,1,NONE,
222,23,diffusionnostateh48_n50_s20k_020000,Diffusion,50,20000,P1,2,Y,Y,1,NONE,
223,23,diffusionnostateh48_n50_s20k_020000,Diffusion,50,20000,P2,1,N,N,10,Stalled or timed out,
224,23,diffusionnostateh48_n50_s20k_020000,Diffusion,50,20000,P2,2,N,N,10,Stalled or timed out,
225,23,diffusionnostateh48_n50_s20k_020000,Diffusion,50,20000,P3,1,Y,Y,3,NONE,
226,23,diffusionnostateh48_n50_s20k_020000,Diffusion,50,20000,P3,2,Y,Y,1,NONE,
227,23,diffusionnostateh48_n50_s20k_020000,Diffusion,50,20000,P4,1,N,N,10,Stalled or timed out,
228,23,diffusionnostateh48_n50_s20k_020000,Diffusion,50,20000,P4,2,N,N,10,Stalled or timed out,
229,23,diffusionnostateh48_n50_s20k_020000,Diffusion,50,20000,P5,1,N,N,10,Stalled or timed out,
230,23,diffusionnostateh48_n50_s20k_020000,Diffusion,50,20000,P5,2,N,N,10,Stalled or timed out,
231,24,diffusionnostateh48_n10_s5k_005000,Diffusion,10,5000,P1,1,,,,Unsafe,Scored after the main session: operator stopped every trial as unsafe
232,24,diffusionnostateh48_n10_s5k_005000,Diffusion,10,5000,P1,2,,,,Unsafe,
233,24,diffusionnostateh48_n10_s5k_005000,Diffusion,10,5000,P2,1,,,,Unsafe,
234,24,diffusionnostateh48_n10_s5k_005000,Diffusion,10,5000,P2,2,,,,Unsafe,
235,24,diffusionnostateh48_n10_s5k_005000,Diffusion,10,5000,P3,1,,,,Unsafe,
236,24,diffusionnostateh48_n10_s5k_005000,Diffusion,10,5000,P3,2,,,,Unsafe,
237,24,diffusionnostateh48_n10_s5k_005000,Diffusion,10,5000,P4,1,,,,Unsafe,
238,24,diffusionnostateh48_n10_s5k_005000,Diffusion,10,5000,P4,2,,,,Unsafe,
239,24,diffusionnostateh48_n10_s5k_005000,Diffusion,10,5000,P5,1,,,,Unsafe,
240,24,diffusionnostateh48_n10_s5k_005000,Diffusion,10,5000,P5,2,,,,Unsafe,
