trial,checkpoint,policy,demos,steps,position,try,picked,success,grab_attempts,failure_mode,unsafe_stop,notes
1,diffusionnostateh48_n100_s5k_005000,Diffusion,100,5000,P1,1,0,0,10.0,Stalled or timed out,False,
2,diffusionnostateh48_n100_s5k_005000,Diffusion,100,5000,P1,2,0,0,10.0,Stalled or timed out,False,
3,diffusionnostateh48_n100_s5k_005000,Diffusion,100,5000,P2,1,0,0,10.0,Stalled or timed out,False,
4,diffusionnostateh48_n100_s5k_005000,Diffusion,100,5000,P2,2,0,0,10.0,Stalled or timed out,False,
5,diffusionnostateh48_n100_s5k_005000,Diffusion,100,5000,P3,1,0,0,10.0,Stalled or timed out,False,
6,diffusionnostateh48_n100_s5k_005000,Diffusion,100,5000,P3,2,0,0,10.0,Stalled or timed out,False,
7,diffusionnostateh48_n100_s5k_005000,Diffusion,100,5000,P4,1,0,0,,Unsafe,True,
8,diffusionnostateh48_n100_s5k_005000,Diffusion,100,5000,P4,2,0,0,,Unsafe,True,
9,diffusionnostateh48_n100_s5k_005000,Diffusion,100,5000,P5,1,0,0,10.0,Stalled or timed out,False,
10,diffusionnostateh48_n100_s5k_005000,Diffusion,100,5000,P5,2,0,0,10.0,Stalled or timed out,False,
11,act_n10_s50k_050000,ACT,10,50000,P1,1,0,0,7.0,KnockedBoltOver,False,
12,act_n10_s50k_050000,ACT,10,50000,P1,2,0,0,8.0,KnockedBoltOver,False,
13,act_n10_s50k_050000,ACT,10,50000,P2,1,0,0,2.0,KnockedBoltOver,False,
14,act_n10_s50k_050000,ACT,10,50000,P2,2,0,0,4.0,KnockedBoltOver,False,
15,act_n10_s50k_050000,ACT,10,50000,P3,1,0,0,5.0,KnockedBoltOver,False,
16,act_n10_s50k_050000,ACT,10,50000,P3,2,0,0,2.0,KnockedBoltOver,False,
17,act_n10_s50k_050000,ACT,10,50000,P4,1,0,0,4.0,KnockedBoltOver,False,
18,act_n10_s50k_050000,ACT,10,50000,P4,2,0,0,3.0,KnockedBoltOver,False,
19,act_n10_s50k_050000,ACT,10,50000,P5,1,0,0,10.0,Stalled or timed out,False,
20,act_n10_s50k_050000,ACT,10,50000,P5,2,0,0,10.0,Stalled or timed out,False,
21,act_n25_s50k_050000,ACT,25,50000,P1,1,0,0,1.0,KnockedBoltOver,False,
22,act_n25_s50k_050000,ACT,25,50000,P1,2,1,1,4.0,success,False,
23,act_n25_s50k_050000,ACT,25,50000,P2,1,1,1,2.0,success,False,
24,act_n25_s50k_050000,ACT,25,50000,P2,2,0,0,2.0,KnockedBoltOver,False,
25,act_n25_s50k_050000,ACT,25,50000,P3,1,0,0,2.0,KnockedBoltOver,False,
26,act_n25_s50k_050000,ACT,25,50000,P3,2,0,0,5.0,KnockedBoltOver,False,
27,act_n25_s50k_050000,ACT,25,50000,P4,1,0,0,10.0,Stalled or timed out,False,
28,act_n25_s50k_050000,ACT,25,50000,P4,2,0,0,10.0,Stalled or timed out,False,
29,act_n25_s50k_050000,ACT,25,50000,P5,1,0,0,2.0,KnockedBoltOver,False,
30,act_n25_s50k_050000,ACT,25,50000,P5,2,0,0,2.0,KnockedBoltOver,False,
31,diffusionnostateh48_n100_s50k_050000,Diffusion,100,50000,P1,1,1,1,1.0,success,False,This model throughout all of its runs just crushed it. Like obliteration mode ya know.
32,diffusionnostateh48_n100_s50k_050000,Diffusion,100,50000,P1,2,1,1,1.0,success,False,
33,diffusionnostateh48_n100_s50k_050000,Diffusion,100,50000,P2,1,1,1,1.0,success,False,
34,diffusionnostateh48_n100_s50k_050000,Diffusion,100,50000,P2,2,1,1,1.0,success,False,
35,diffusionnostateh48_n100_s50k_050000,Diffusion,100,50000,P3,1,1,1,1.0,success,False,
36,diffusionnostateh48_n100_s50k_050000,Diffusion,100,50000,P3,2,1,1,1.0,success,False,
37,diffusionnostateh48_n100_s50k_050000,Diffusion,100,50000,P4,1,1,1,1.0,success,False,
38,diffusionnostateh48_n100_s50k_050000,Diffusion,100,50000,P4,2,1,1,1.0,success,False,
39,diffusionnostateh48_n100_s50k_050000,Diffusion,100,50000,P5,1,1,1,1.0,success,False,
40,diffusionnostateh48_n100_s50k_050000,Diffusion,100,50000,P5,2,1,1,1.0,success,False,
41,act_n100_s50k_020000,ACT,100,20000,P1,1,0,0,10.0,Stalled or timed out,False,
42,act_n100_s50k_020000,ACT,100,20000,P1,2,0,0,10.0,Stalled or timed out,False,
43,act_n100_s50k_020000,ACT,100,20000,P2,1,1,1,1.0,success,False,
44,act_n100_s50k_020000,ACT,100,20000,P2,2,0,0,2.0,KnockedBoltOver,False,
45,act_n100_s50k_020000,ACT,100,20000,P3,1,0,0,5.0,KnockedBoltOver,False,
46,act_n100_s50k_020000,ACT,100,20000,P3,2,0,0,1.0,KnockedBoltOver,False,
47,act_n100_s50k_020000,ACT,100,20000,P4,1,0,0,10.0,Stalled or timed out,False,
48,act_n100_s50k_020000,ACT,100,20000,P4,2,0,0,10.0,Stalled or timed out,False,
49,act_n100_s50k_020000,ACT,100,20000,P5,1,1,1,4.0,success,False,
50,act_n100_s50k_020000,ACT,100,20000,P5,2,1,1,1.0,success,False,
51,diffusionnostateh48_n10_s50k_050000,Diffusion,10,50000,P1,1,0,0,10.0,Stalled or timed out,False,
52,diffusionnostateh48_n10_s50k_050000,Diffusion,10,50000,P1,2,0,0,10.0,Stalled or timed out,False,
53,diffusionnostateh48_n10_s50k_050000,Diffusion,10,50000,P2,1,1,1,1.0,success,False,
54,diffusionnostateh48_n10_s50k_050000,Diffusion,10,50000,P2,2,1,1,1.0,success,False,
55,diffusionnostateh48_n10_s50k_050000,Diffusion,10,50000,P3,1,0,0,10.0,Stalled or timed out,False,
56,diffusionnostateh48_n10_s50k_050000,Diffusion,10,50000,P3,2,0,0,10.0,Stalled or timed out,False,
57,diffusionnostateh48_n10_s50k_050000,Diffusion,10,50000,P4,1,0,0,10.0,Stalled or timed out,False,
58,diffusionnostateh48_n10_s50k_050000,Diffusion,10,50000,P4,2,0,0,10.0,Stalled or timed out,False,
59,diffusionnostateh48_n10_s50k_050000,Diffusion,10,50000,P5,1,0,0,10.0,Stalled or timed out,False,
60,diffusionnostateh48_n10_s50k_050000,Diffusion,10,50000,P5,2,0,0,10.0,Stalled or timed out,False,
61,diffusionnostateh48_n50_s50k_050000,Diffusion,50,50000,P1,1,0,0,5.0,KnockedBoltOver,False,
62,diffusionnostateh48_n50_s50k_050000,Diffusion,50,50000,P1,2,0,0,10.0,Stalled or timed out,False,
63,diffusionnostateh48_n50_s50k_050000,Diffusion,50,50000,P2,1,1,0,9.0,KnockedBoltOver,False,
64,diffusionnostateh48_n50_s50k_050000,Diffusion,50,50000,P2,2,1,0,7.0,KnockedBoltOver,False,
65,diffusionnostateh48_n50_s50k_050000,Diffusion,50,50000,P3,1,0,0,10.0,Stalled or timed out,False,
66,diffusionnostateh48_n50_s50k_050000,Diffusion,50,50000,P3,2,0,0,10.0,Stalled or timed out,False,
67,diffusionnostateh48_n50_s50k_050000,Diffusion,50,50000,P4,1,0,0,10.0,Stalled or timed out,False,
68,diffusionnostateh48_n50_s50k_050000,Diffusion,50,50000,P4,2,0,0,10.0,Stalled or timed out,False,
69,diffusionnostateh48_n50_s50k_050000,Diffusion,50,50000,P5,1,0,0,2.0,KnockedBoltOver,False,
70,diffusionnostateh48_n50_s50k_050000,Diffusion,50,50000,P5,2,1,1,3.0,success,False,
71,act_n100_s50k_005000,ACT,100,5000,P1,1,0,0,,Unsafe,True,
72,act_n100_s50k_005000,ACT,100,5000,P1,2,0,0,,Unsafe,True,
73,act_n100_s50k_005000,ACT,100,5000,P2,1,0,0,,Unsafe,True,
74,act_n100_s50k_005000,ACT,100,5000,P2,2,0,0,,Unsafe,True,
75,act_n100_s50k_005000,ACT,100,5000,P3,1,0,0,,Unsafe,True,
76,act_n100_s50k_005000,ACT,100,5000,P3,2,0,0,,Unsafe,True,
77,act_n100_s50k_005000,ACT,100,5000,P4,1,0,0,,Unsafe,True,
78,act_n100_s50k_005000,ACT,100,5000,P4,2,0,0,,Unsafe,True,
79,act_n100_s50k_005000,ACT,100,5000,P5,1,0,0,,Unsafe,True,
80,act_n100_s50k_005000,ACT,100,5000,P5,2,0,0,,Unsafe,True,
81,act_n100_s50k_050000,ACT,100,50000,P1,1,0,0,10.0,Stalled or timed out,False,
82,act_n100_s50k_050000,ACT,100,50000,P1,2,0,0,10.0,Stalled or timed out,False,
83,act_n100_s50k_050000,ACT,100,50000,P2,1,1,1,1.0,success,False,
84,act_n100_s50k_050000,ACT,100,50000,P2,2,1,1,1.0,success,False,
85,act_n100_s50k_050000,ACT,100,50000,P3,1,1,1,1.0,success,False,
86,act_n100_s50k_050000,ACT,100,50000,P3,2,1,1,1.0,success,False,
87,act_n100_s50k_050000,ACT,100,50000,P4,1,0,0,10.0,Stalled or timed out,False,
88,act_n100_s50k_050000,ACT,100,50000,P4,2,0,0,10.0,Stalled or timed out,False,
89,act_n100_s50k_050000,ACT,100,50000,P5,1,1,1,1.0,success,False,
90,act_n100_s50k_050000,ACT,100,50000,P5,2,1,1,1.0,success,False,
91,act_n50_s50k_050000,ACT,50,50000,P1,1,1,1,1.0,success,False,
92,act_n50_s50k_050000,ACT,50,50000,P1,2,1,1,1.0,success,False,
93,act_n50_s50k_050000,ACT,50,50000,P2,1,1,1,5.0,success,False,
94,act_n50_s50k_050000,ACT,50,50000,P2,2,1,1,3.0,success,False,
95,act_n50_s50k_050000,ACT,50,50000,P3,1,0,0,10.0,Stalled or timed out,False,
96,act_n50_s50k_050000,ACT,50,50000,P3,2,0,0,10.0,Stalled or timed out,False,
97,act_n50_s50k_050000,ACT,50,50000,P4,1,0,0,1.0,KnockedBoltOver,False,
98,act_n50_s50k_050000,ACT,50,50000,P4,2,1,1,10.0,success,False,
99,act_n50_s50k_050000,ACT,50,50000,P5,1,0,0,10.0,Stalled or timed out,False,
100,act_n50_s50k_050000,ACT,50,50000,P5,2,0,0,10.0,Stalled or timed out,False,
101,diffusionnostateh48_n100_s20k_020000,Diffusion,100,20000,P1,1,0,0,3.0,KnockedBoltOver,False,
102,diffusionnostateh48_n100_s20k_020000,Diffusion,100,20000,P1,2,0,0,4.0,KnockedBoltOver,False,
103,diffusionnostateh48_n100_s20k_020000,Diffusion,100,20000,P2,1,1,1,2.0,success,False,
104,diffusionnostateh48_n100_s20k_020000,Diffusion,100,20000,P2,2,1,1,4.0,success,False,
105,diffusionnostateh48_n100_s20k_020000,Diffusion,100,20000,P3,1,1,1,1.0,success,False,
106,diffusionnostateh48_n100_s20k_020000,Diffusion,100,20000,P3,2,0,0,1.0,KnockedBoltOver,False,
107,diffusionnostateh48_n100_s20k_020000,Diffusion,100,20000,P4,1,1,1,1.0,success,False,
108,diffusionnostateh48_n100_s20k_020000,Diffusion,100,20000,P4,2,0,0,6.0,KnockedBoltOver,False,
109,diffusionnostateh48_n100_s20k_020000,Diffusion,100,20000,P5,1,1,1,1.0,success,False,
110,diffusionnostateh48_n100_s20k_020000,Diffusion,100,20000,P5,2,1,1,1.0,success,False,
111,diffusionnostateh48_n25_s50k_050000,Diffusion,25,50000,P1,1,0,0,10.0,Stalled or timed out,False,
112,diffusionnostateh48_n25_s50k_050000,Diffusion,25,50000,P1,2,0,0,10.0,Stalled or timed out,False,
113,diffusionnostateh48_n25_s50k_050000,Diffusion,25,50000,P2,1,1,1,1.0,success,False,
114,diffusionnostateh48_n25_s50k_050000,Diffusion,25,50000,P2,2,1,1,1.0,success,False,
115,diffusionnostateh48_n25_s50k_050000,Diffusion,25,50000,P3,1,1,1,3.0,success,False,
116,diffusionnostateh48_n25_s50k_050000,Diffusion,25,50000,P3,2,0,0,10.0,Stalled or timed out,False,
117,diffusionnostateh48_n25_s50k_050000,Diffusion,25,50000,P4,1,1,1,2.0,success,False,
118,diffusionnostateh48_n25_s50k_050000,Diffusion,25,50000,P4,2,1,1,2.0,success,False,
119,diffusionnostateh48_n25_s50k_050000,Diffusion,25,50000,P5,1,0,0,10.0,Stalled or timed out,False,
120,diffusionnostateh48_n25_s50k_050000,Diffusion,25,50000,P5,2,0,0,10.0,Stalled or timed out,False,
121,act_n50_s50k_005000,ACT,50,5000,P1,1,1,1,5.0,success,False,
122,act_n50_s50k_005000,ACT,50,5000,P1,2,0,0,4.0,KnockedBoltOver,False,
123,act_n50_s50k_005000,ACT,50,5000,P2,1,0,0,1.0,KnockedBoltOver,False,
124,act_n50_s50k_005000,ACT,50,5000,P2,2,0,0,2.0,KnockedBoltOver,False,
125,act_n50_s50k_005000,ACT,50,5000,P3,1,0,0,1.0,KnockedBoltOver,False,
126,act_n50_s50k_005000,ACT,50,5000,P3,2,0,0,2.0,KnockedBoltOver,False,
127,act_n50_s50k_005000,ACT,50,5000,P4,1,0,0,,Unsafe,True,
128,act_n50_s50k_005000,ACT,50,5000,P4,2,0,0,,Unsafe,True,
129,act_n50_s50k_005000,ACT,50,5000,P5,1,0,0,,Unsafe,True,
130,act_n50_s50k_005000,ACT,50,5000,P5,2,0,0,,Unsafe,True,
131,act_n50_s50k_020000,ACT,50,20000,P1,1,1,1,1.0,success,False,
132,act_n50_s50k_020000,ACT,50,20000,P1,2,1,1,2.0,success,False,
133,act_n50_s50k_020000,ACT,50,20000,P2,1,1,1,3.0,success,False,
134,act_n50_s50k_020000,ACT,50,20000,P2,2,1,1,1.0,success,False,
135,act_n50_s50k_020000,ACT,50,20000,P3,1,0,0,1.0,KnockedBoltOver,False,
136,act_n50_s50k_020000,ACT,50,20000,P3,2,0,0,10.0,Stalled or timed out,False,
137,act_n50_s50k_020000,ACT,50,20000,P4,1,0,0,1.0,KnockedBoltOver,False,
138,act_n50_s50k_020000,ACT,50,20000,P4,2,0,0,,Unsafe,True,
139,act_n50_s50k_020000,ACT,50,20000,P5,1,1,1,4.0,success,False,
140,act_n50_s50k_020000,ACT,50,20000,P5,2,1,1,4.0,success,False,
141,act_n10_s50k_020000,ACT,10,20000,P1,1,0,0,4.0,KnockedBoltOver,False,
142,act_n10_s50k_020000,ACT,10,20000,P1,2,0,0,3.0,KnockedBoltOver,False,
143,act_n10_s50k_020000,ACT,10,20000,P2,1,0,0,6.0,KnockedBoltOver,False,
144,act_n10_s50k_020000,ACT,10,20000,P2,2,0,0,1.0,KnockedBoltOver,False,
145,act_n10_s50k_020000,ACT,10,20000,P3,1,0,0,10.0,Stalled or timed out,False,
146,act_n10_s50k_020000,ACT,10,20000,P3,2,0,0,10.0,Stalled or timed out,False,
147,act_n10_s50k_020000,ACT,10,20000,P4,1,0,0,,Unsafe,True,
148,act_n10_s50k_020000,ACT,10,20000,P4,2,0,0,,Unsafe,True,
149,act_n10_s50k_020000,ACT,10,20000,P5,1,0,0,10.0,Stalled or timed out,False,
150,act_n10_s50k_020000,ACT,10,20000,P5,2,0,0,10.0,Stalled or timed out,False,
151,act_n10_s50k_005000,ACT,10,5000,P1,1,0,0,,Unsafe,True,
152,act_n10_s50k_005000,ACT,10,5000,P1,2,0,0,,Unsafe,True,
153,act_n10_s50k_005000,ACT,10,5000,P2,1,0,0,,Unsafe,True,
154,act_n10_s50k_005000,ACT,10,5000,P2,2,0,0,,Unsafe,True,
155,act_n10_s50k_005000,ACT,10,5000,P3,1,0,0,,Unsafe,True,
156,act_n10_s50k_005000,ACT,10,5000,P3,2,0,0,,Unsafe,True,
157,act_n10_s50k_005000,ACT,10,5000,P4,1,0,0,,Unsafe,True,
158,act_n10_s50k_005000,ACT,10,5000,P4,2,0,0,,Unsafe,True,
159,act_n10_s50k_005000,ACT,10,5000,P5,1,0,0,,Unsafe,True,
160,act_n10_s50k_005000,ACT,10,5000,P5,2,0,0,,Unsafe,True,
161,act_n25_s50k_005000,ACT,25,5000,P1,1,0,0,9.0,KnockedBoltOver,False,
162,act_n25_s50k_005000,ACT,25,5000,P1,2,0,0,8.0,KnockedBoltOver,False,
163,act_n25_s50k_005000,ACT,25,5000,P2,1,0,0,1.0,KnockedBoltOver,False,
164,act_n25_s50k_005000,ACT,25,5000,P2,2,0,0,1.0,KnockedBoltOver,False,
165,act_n25_s50k_005000,ACT,25,5000,P3,1,0,0,1.0,KnockedBoltOver,False,
166,act_n25_s50k_005000,ACT,25,5000,P3,2,0,0,2.0,KnockedBoltOver,False,
167,act_n25_s50k_005000,ACT,25,5000,P4,1,0,0,,Unsafe,True,
168,act_n25_s50k_005000,ACT,25,5000,P4,2,0,0,,Unsafe,True,
169,act_n25_s50k_005000,ACT,25,5000,P5,1,0,0,10.0,Stalled or timed out,False,
170,act_n25_s50k_005000,ACT,25,5000,P5,2,1,0,4.0,Dropped in transit,False,Picked up the bolt but didn't get it over the edge of the cup so it did not end in the cup
171,act_n25_s50k_020000,ACT,25,20000,P1,1,1,1,2.0,success,False,
172,act_n25_s50k_020000,ACT,25,20000,P1,2,1,1,1.0,success,False,
173,act_n25_s50k_020000,ACT,25,20000,P2,1,1,1,2.0,success,False,
174,act_n25_s50k_020000,ACT,25,20000,P2,2,0,0,2.0,KnockedBoltOver,False,
175,act_n25_s50k_020000,ACT,25,20000,P3,1,1,1,1.0,success,False,
176,act_n25_s50k_020000,ACT,25,20000,P3,2,0,0,2.0,KnockedBoltOver,False,
177,act_n25_s50k_020000,ACT,25,20000,P4,1,0,0,2.0,KnockedBoltOver,False,
178,act_n25_s50k_020000,ACT,25,20000,P4,2,0,0,1.0,KnockedBoltOver,False,
179,act_n25_s50k_020000,ACT,25,20000,P5,1,1,1,3.0,success,False,
180,act_n25_s50k_020000,ACT,25,20000,P5,2,1,1,2.0,success,False,
181,diffusionnostateh48_n25_s20k_020000,Diffusion,25,20000,P1,1,1,1,4.0,success,False,
182,diffusionnostateh48_n25_s20k_020000,Diffusion,25,20000,P1,2,1,1,2.0,success,False,
183,diffusionnostateh48_n25_s20k_020000,Diffusion,25,20000,P2,1,1,1,1.0,success,False,
184,diffusionnostateh48_n25_s20k_020000,Diffusion,25,20000,P2,2,1,1,1.0,success,False,
185,diffusionnostateh48_n25_s20k_020000,Diffusion,25,20000,P3,1,1,1,1.0,success,False,
186,diffusionnostateh48_n25_s20k_020000,Diffusion,25,20000,P3,2,1,1,2.0,success,False,
187,diffusionnostateh48_n25_s20k_020000,Diffusion,25,20000,P4,1,1,1,1.0,success,False,
188,diffusionnostateh48_n25_s20k_020000,Diffusion,25,20000,P4,2,1,1,1.0,success,False,
189,diffusionnostateh48_n25_s20k_020000,Diffusion,25,20000,P5,1,0,0,10.0,Stalled or timed out,False,
190,diffusionnostateh48_n25_s20k_020000,Diffusion,25,20000,P5,2,0,0,10.0,Stalled or timed out,False,
191,diffusionnostateh48_n10_s20k_020000,Diffusion,10,20000,P1,1,0,0,10.0,Stalled or timed out,False,
192,diffusionnostateh48_n10_s20k_020000,Diffusion,10,20000,P1,2,0,0,10.0,Stalled or timed out,False,
193,diffusionnostateh48_n10_s20k_020000,Diffusion,10,20000,P2,1,0,0,10.0,Stalled or timed out,False,
194,diffusionnostateh48_n10_s20k_020000,Diffusion,10,20000,P2,2,0,0,10.0,Stalled or timed out,False,
195,diffusionnostateh48_n10_s20k_020000,Diffusion,10,20000,P3,1,0,0,10.0,Stalled or timed out,False,
196,diffusionnostateh48_n10_s20k_020000,Diffusion,10,20000,P3,2,0,0,10.0,Stalled or timed out,False,
197,diffusionnostateh48_n10_s20k_020000,Diffusion,10,20000,P4,1,0,0,,Unsafe,True,
198,diffusionnostateh48_n10_s20k_020000,Diffusion,10,20000,P4,2,0,0,,Unsafe,True,
199,diffusionnostateh48_n10_s20k_020000,Diffusion,10,20000,P5,1,0,0,10.0,Stalled or timed out,False,
200,diffusionnostateh48_n10_s20k_020000,Diffusion,10,20000,P5,2,0,0,10.0,Stalled or timed out,False,
201,diffusionnostateh48_n25_s5k_005000,Diffusion,25,5000,P1,1,0,0,10.0,Stalled or timed out,False,
202,diffusionnostateh48_n25_s5k_005000,Diffusion,25,5000,P1,2,0,0,10.0,Stalled or timed out,False,
203,diffusionnostateh48_n25_s5k_005000,Diffusion,25,5000,P2,1,0,0,1.0,KnockedBoltOver,False,
204,diffusionnostateh48_n25_s5k_005000,Diffusion,25,5000,P2,2,1,1,7.0,success,False,
205,diffusionnostateh48_n25_s5k_005000,Diffusion,25,5000,P3,1,0,0,3.0,KnockedBoltOver,False,
206,diffusionnostateh48_n25_s5k_005000,Diffusion,25,5000,P3,2,0,0,10.0,Stalled or timed out,False,
207,diffusionnostateh48_n25_s5k_005000,Diffusion,25,5000,P4,1,0,0,,Unsafe,True,
208,diffusionnostateh48_n25_s5k_005000,Diffusion,25,5000,P4,2,0,0,,Unsafe,True,
209,diffusionnostateh48_n25_s5k_005000,Diffusion,25,5000,P5,1,0,0,10.0,Stalled or timed out,False,
210,diffusionnostateh48_n25_s5k_005000,Diffusion,25,5000,P5,2,0,0,10.0,Stalled or timed out,False,
211,diffusionnostateh48_n50_s5k_005000,Diffusion,50,5000,P1,1,1,1,1.0,success,False,
212,diffusionnostateh48_n50_s5k_005000,Diffusion,50,5000,P1,2,1,0,10.0,Stalled or timed out,False,
213,diffusionnostateh48_n50_s5k_005000,Diffusion,50,5000,P2,1,1,1,6.0,success,False,
214,diffusionnostateh48_n50_s5k_005000,Diffusion,50,5000,P2,2,0,0,3.0,KnockedBoltOver,False,
215,diffusionnostateh48_n50_s5k_005000,Diffusion,50,5000,P3,1,0,0,10.0,Stalled or timed out,False,
216,diffusionnostateh48_n50_s5k_005000,Diffusion,50,5000,P3,2,0,0,10.0,Stalled or timed out,False,
217,diffusionnostateh48_n50_s5k_005000,Diffusion,50,5000,P4,1,0,0,,Unsafe,True,
218,diffusionnostateh48_n50_s5k_005000,Diffusion,50,5000,P4,2,0,0,,Unsafe,True,
219,diffusionnostateh48_n50_s5k_005000,Diffusion,50,5000,P5,1,0,0,10.0,Stalled or timed out,False,
220,diffusionnostateh48_n50_s5k_005000,Diffusion,50,5000,P5,2,0,0,10.0,Stalled or timed out,False,
221,diffusionnostateh48_n50_s20k_020000,Diffusion,50,20000,P1,1,1,1,1.0,success,False,
222,diffusionnostateh48_n50_s20k_020000,Diffusion,50,20000,P1,2,1,1,1.0,success,False,
223,diffusionnostateh48_n50_s20k_020000,Diffusion,50,20000,P2,1,0,0,10.0,Stalled or timed out,False,
224,diffusionnostateh48_n50_s20k_020000,Diffusion,50,20000,P2,2,0,0,10.0,Stalled or timed out,False,
225,diffusionnostateh48_n50_s20k_020000,Diffusion,50,20000,P3,1,1,1,3.0,success,False,
226,diffusionnostateh48_n50_s20k_020000,Diffusion,50,20000,P3,2,1,1,1.0,success,False,
227,diffusionnostateh48_n50_s20k_020000,Diffusion,50,20000,P4,1,0,0,10.0,Stalled or timed out,False,
228,diffusionnostateh48_n50_s20k_020000,Diffusion,50,20000,P4,2,0,0,10.0,Stalled or timed out,False,
229,diffusionnostateh48_n50_s20k_020000,Diffusion,50,20000,P5,1,0,0,10.0,Stalled or timed out,False,
230,diffusionnostateh48_n50_s20k_020000,Diffusion,50,20000,P5,2,0,0,10.0,Stalled or timed out,False,
231,diffusionnostateh48_n10_s5k_005000,Diffusion,10,5000,P1,1,0,0,,Unsafe,True,Scored after the main session: operator stopped every trial as unsafe
232,diffusionnostateh48_n10_s5k_005000,Diffusion,10,5000,P1,2,0,0,,Unsafe,True,
233,diffusionnostateh48_n10_s5k_005000,Diffusion,10,5000,P2,1,0,0,,Unsafe,True,
234,diffusionnostateh48_n10_s5k_005000,Diffusion,10,5000,P2,2,0,0,,Unsafe,True,
235,diffusionnostateh48_n10_s5k_005000,Diffusion,10,5000,P3,1,0,0,,Unsafe,True,
236,diffusionnostateh48_n10_s5k_005000,Diffusion,10,5000,P3,2,0,0,,Unsafe,True,
237,diffusionnostateh48_n10_s5k_005000,Diffusion,10,5000,P4,1,0,0,,Unsafe,True,
238,diffusionnostateh48_n10_s5k_005000,Diffusion,10,5000,P4,2,0,0,,Unsafe,True,
239,diffusionnostateh48_n10_s5k_005000,Diffusion,10,5000,P5,1,0,0,,Unsafe,True,
240,diffusionnostateh48_n10_s5k_005000,Diffusion,10,5000,P5,2,0,0,,Unsafe,True,
