file,date,time,checkpoint,position,steps,duration_s,loop_hz,magnet_presses,mean_plan_s
20261002_213405_act_n50_s50k_050000_run1.npz,20261002,213405,act_n50_s50k_050000,,251,8.7,29.5,2,0.14
20261002_213612_act_n50_s50k_050000_run2.npz,20261002,213612,act_n50_s50k_050000,,1210,41.3,29.4,11,0.102
20261002_213737_act_n10_s50k_050000_run1.npz,20261002,213737,act_n10_s50k_050000,,960,32.8,29.5,11,0.106
20261002_213829_act_n10_s50k_050000_run2.npz,20261002,213829,act_n10_s50k_050000,,940,32.2,29.4,9,0.115
20261002_213857_act_n10_s50k_050000_run3.npz,20261002,213857,act_n10_s50k_050000,,353,12.1,29.6,4,0.113
20261002_214509_act_n10_s50k_050000_run1.npz,20261002,214509,act_n10_s50k_050000,,586,20.1,29.5,7,0.122
20261002_214553_act_n10_s50k_050000_run2.npz,20261002,214553,act_n10_s50k_050000,,644,22.0,29.5,10,0.108
20261002_214634_act_n10_s50k_050000_run3.npz,20261002,214634,act_n10_s50k_050000,,420,14.5,29.4,5,0.126
20261002_214717_act_n10_s50k_050000_run4.npz,20261002,214717,act_n10_s50k_050000,,381,13.1,29.6,5,0.112
20261002_214756_act_n10_s50k_050000_run5.npz,20261002,214756,act_n10_s50k_050000,,642,22.0,29.5,5,0.108
20261002_214852_act_n10_s50k_050000_run6.npz,20261002,214852,act_n10_s50k_050000,,923,31.7,29.3,14,0.12
20261002_215012_diffusion_n100_s5k_005000_run1.npz,20261002,215012,diffusion_n100_s5k_005000,,192,40.4,4.9,3,1.446
20261002_215043_act_n25_s50k_050000_run1.npz,20261002,215043,act_n25_s50k_050000,,373,12.9,29.5,3,0.14
20261002_215136_act_n25_s50k_050000_run2.npz,20261002,215136,act_n25_s50k_050000,,569,19.5,29.5,4,0.116
20261002_215200_act_n25_s50k_050000_run3.npz,20261002,215200,act_n25_s50k_050000,,457,15.9,29.5,5,0.14
20261002_215242_act_n25_s50k_050000_run4.npz,20261002,215242,act_n25_s50k_050000,,608,20.8,29.5,5,0.105
20261002_215320_act_n25_s50k_050000_run5.npz,20261002,215320,act_n25_s50k_050000,,407,14.0,29.5,3,0.116
20261002_215356_act_n25_s50k_050000_run6.npz,20261002,215356,act_n25_s50k_050000,,332,11.4,29.5,3,0.114
20261002_215452_act_n25_s50k_050000_run7.npz,20261002,215452,act_n25_s50k_050000,,871,29.7,29.5,7,0.105
20261002_215541_act_n25_s50k_050000_run8.npz,20261002,215541,act_n25_s50k_050000,,737,25.3,29.4,7,0.117
20261002_215651_act_n25_s50k_050000_run9.npz,20261002,215651,act_n25_s50k_050000,,1300,44.3,29.5,13,0.101
20261002_215724_act_n25_s50k_050000_run10.npz,20261002,215724,act_n25_s50k_050000,,605,20.9,29.4,6,0.125
20261002_215800_act_n25_s50k_050000_run11.npz,20261002,215800,act_n25_s50k_050000,,586,20.0,29.5,6,0.105
20261002_222109_act_n100_s50k_020000_run1.npz,20261002,222109,act_n100_s50k_020000,,835,28.5,29.5,11,0.106
20261002_222359_act_n50_s50k_050000_run1.npz,20261002,222359,act_n50_s50k_050000,,803,27.4,29.5,6,0.094
20261002_222510_act_n100_s50k_020000_run1.npz,20261002,222510,act_n100_s50k_020000,,810,27.7,29.5,10,0.103
20261002_222752_act_n100_s50k_020000_run2.npz,20261002,222752,act_n100_s50k_020000,,236,8.2,29.6,1,0.119
20261002_222822_act_n100_s50k_020000_run3.npz,20261002,222822,act_n100_s50k_020000,,370,12.7,29.6,3,0.128
20261002_222921_act_n100_s50k_020000_run4.npz,20261002,222921,act_n100_s50k_020000,,525,18.0,29.4,7,0.113
20261002_222946_act_n100_s50k_020000_run5.npz,20261002,222946,act_n100_s50k_020000,,190,6.5,29.8,2,0.123
20261002_223026_act_n100_s50k_020000_run6.npz,20261002,223026,act_n100_s50k_020000,,645,22.0,29.5,6,0.101
20261002_223238_act_n100_s50k_020000_run7.npz,20261002,223238,act_n100_s50k_020000,,695,23.7,29.5,15,0.103
20261002_223315_act_n100_s50k_020000_run8.npz,20261002,223315,act_n100_s50k_020000,,472,16.2,29.6,4,0.11
20261002_223343_act_n100_s50k_020000_run9.npz,20261002,223343,act_n100_s50k_020000,,261,9.0,29.7,1,0.118
20261002_223448_act_n100_s50k_005000_run1.npz,20261002,223448,act_n100_s50k_005000,,428,14.7,29.5,5,0.118
20261002_223653_act_n100_s50k_050000_run1.npz,20261002,223653,act_n100_s50k_050000,,927,31.7,29.5,9,0.104
20261002_223848_act_n100_s50k_050000_run2.npz,20261002,223848,act_n100_s50k_050000,,1100,37.6,29.5,12,0.109
20261002_223937_act_n50_s50k_050000_run1.npz,20261002,223937,act_n50_s50k_050000,,523,17.9,29.5,4,0.108
20261002_230209_act_n100_s50k_050000_run1.npz,20261002,230209,act_n100_s50k_050000,,257,8.9,29.7,1,0.127
20261002_230247_act_n100_s50k_050000_run2.npz,20261002,230247,act_n100_s50k_050000,,275,9.5,29.7,2,0.125
20261002_230341_act_n100_s50k_050000_run3.npz,20261002,230341,act_n100_s50k_050000,,260,9.0,29.4,1,0.14
20261002_230405_act_n100_s50k_050000_run4.npz,20261002,230405,act_n100_s50k_050000,,193,6.6,29.9,2,0.118
20261002_230431_act_n100_s50k_050000_run5.npz,20261002,230431,act_n100_s50k_050000,,294,10.1,29.7,1,0.108
20261002_230514_act_n100_s50k_050000_run6.npz,20261002,230514,act_n100_s50k_050000,,697,23.8,29.5,7,0.104
20261002_230549_act_n100_s50k_050000_run7.npz,20261002,230549,act_n100_s50k_050000,,515,17.8,29.4,5,0.141
20261002_230627_act_n100_s50k_050000_run8.npz,20261002,230627,act_n100_s50k_050000,,360,12.4,29.5,1,0.119
20261002_230648_act_n100_s50k_050000_run9.npz,20261002,230648,act_n100_s50k_050000,,417,14.4,29.4,1,0.12
20261003_213649_act_n50_s50k_050000_Px_run1.npz,20261003,213649,act_n50_s50k_050000,Px,1519,51.9,29.4,13,0.109
20261003_213741_act_n50_s50k_050000_Px_run2.npz,20261003,213741,act_n50_s50k_050000,Px,1023,35.1,29.3,6,0.115
20261003_215149_act_n50_s50k_005000_Px_run1.npz,20261003,215149,act_n50_s50k_005000,Px,694,23.8,29.4,10,0.121
20261003_215238_act_n50_s50k_005000_P1_run2.npz,20261003,215238,act_n50_s50k_005000,P1,386,13.2,29.6,4,0.118
20261003_215315_act_n50_s50k_005000_P2_run3.npz,20261003,215315,act_n50_s50k_005000,P2,188,6.6,29.7,1,0.164
20261003_215350_act_n50_s50k_005000_P2_run4.npz,20261003,215350,act_n50_s50k_005000,P2,400,13.7,29.6,3,0.126
20261003_215419_act_n50_s50k_005000_P3_run5.npz,20261003,215419,act_n50_s50k_005000,P3,148,5.2,29.8,4,0.136
20261003_215530_act_n50_s50k_005000_P3_run6.npz,20261003,215530,act_n50_s50k_005000,P3,368,12.7,29.5,3,0.122
20261003_215554_act_n50_s50k_005000_P4_run7.npz,20261003,215554,act_n50_s50k_005000,P4,149,5.2,29.7,0,0.147
20261003_215658_act_n50_s50k_005000_P4_run8.npz,20261003,215658,act_n50_s50k_005000,P4,187,6.5,29.7,0,0.146
20261003_215834_act_n50_s50k_005000_P5_run9.npz,20261003,215834,act_n50_s50k_005000,P5,234,8.1,29.5,3,0.126
20261003_215915_act_n50_s50k_020000_P1_run1.npz,20261003,215915,act_n50_s50k_020000,P1,358,12.4,29.3,3,0.145
20261003_215952_act_n50_s50k_020000_P1_run2.npz,20261003,215952,act_n50_s50k_020000,P1,436,15.0,29.4,3,0.129
20261003_220027_act_n50_s50k_020000_P2_run3.npz,20261003,220027,act_n50_s50k_020000,P2,488,16.8,29.4,4,0.136
20261003_220053_act_n50_s50k_020000_P2_run4.npz,20261003,220053,act_n50_s50k_020000,P2,310,10.7,29.5,2,0.118
20261003_220214_act_n50_s50k_020000_P3_run5.npz,20261003,220214,act_n50_s50k_020000,P3,170,5.9,29.8,2,0.137
20261003_220322_act_n50_s50k_020000_P3_run6.npz,20261003,220322,act_n50_s50k_020000,P3,1482,50.6,29.4,14,0.111
20261003_220408_act_n50_s50k_020000_P4_run7.npz,20261003,220408,act_n50_s50k_020000,P4,171,5.9,29.8,3,0.125
20261003_220438_act_n50_s50k_020000_P4_run8.npz,20261003,220438,act_n50_s50k_020000,P4,401,13.9,29.4,2,0.116
20261003_220535_act_n50_s50k_020000_P5_run9.npz,20261003,220535,act_n50_s50k_020000,P5,593,20.2,29.5,4,0.107
20261003_220934_act_n50_s50k_020000_P5_run10.npz,20261003,220934,act_n50_s50k_020000,P5,3600,123.0,29.3,6,0.114
20261003_232357_act_n10_s50k_020000_P1_run1.npz,20261003,232357,act_n10_s50k_020000,P1,693,23.9,29.3,8,0.138
20261003_232440_act_n10_s50k_020000_P1_run2.npz,20261003,232440,act_n10_s50k_020000,P1,565,19.4,29.5,7,0.116
20261003_232520_act_n10_s50k_020000_P1_run3.npz,20261003,232520,act_n10_s50k_020000,P1,640,22.0,29.4,6,0.117
20261003_232547_act_n10_s50k_020000_P1_run4.npz,20261003,232547,act_n10_s50k_020000,P1,185,6.4,29.9,3,0.135
20261003_232721_act_n10_s50k_020000_P1_run5.npz,20261003,232721,act_n10_s50k_020000,P1,1616,55.3,29.4,16,0.112
20261003_232802_act_n10_s50k_020000_P1_run6.npz,20261003,232802,act_n10_s50k_020000,P1,593,20.3,29.5,9,0.111
20261003_232850_act_n10_s50k_020000_P5_run7.npz,20261003,232850,act_n10_s50k_020000,P5,863,29.5,29.4,10,0.114
20261003_232941_act_n10_s50k_020000_P5_run8.npz,20261003,232941,act_n10_s50k_020000,P5,1332,45.5,29.4,19,0.108
20261003_234607_act_n25_s50k_005000_P5_run1.npz,20261003,234607,act_n25_s50k_005000,P5,942,32.1,29.4,5,0.099
20261003_234649_act_n25_s50k_005000_P5_run2.npz,20261003,234649,act_n25_s50k_005000,P5,563,19.1,29.6,1,0.089
20261003_234813_act_n25_s50k_005000_P1_run3.npz,20261003,234813,act_n25_s50k_005000,P1,1212,41.5,29.3,12,0.114
20261003_234844_act_n25_s50k_005000_P1_run4.npz,20261003,234844,act_n25_s50k_005000,P1,400,13.6,29.6,1,0.097
20261003_234926_act_n25_s50k_005000_P1_run5.npz,20261003,234926,act_n25_s50k_005000,P1,174,5.9,29.8,1,0.094
20261003_234954_act_n25_s50k_005000_P2_run6.npz,20261003,234954,act_n25_s50k_005000,P2,160,5.5,29.7,6,0.107
20261003_235017_act_n25_s50k_005000_P2_run7.npz,20261003,235017,act_n25_s50k_005000,P2,238,8.1,29.7,2,0.089
20261003_235048_act_n25_s50k_005000_P3_run8.npz,20261003,235048,act_n25_s50k_005000,P3,399,13.5,29.7,3,0.09
20261003_235216_act_n25_s50k_020000_P1_run1.npz,20261003,235216,act_n25_s50k_020000,P1,404,13.9,29.4,3,0.108
20261003_235241_act_n25_s50k_020000_P1_run2.npz,20261003,235241,act_n25_s50k_020000,P1,339,11.7,29.3,2,0.122
20261003_235354_act_n25_s50k_020000_P2_run3.npz,20261003,235354,act_n25_s50k_020000,P2,392,13.3,29.6,3,0.093
20261003_235458_act_n25_s50k_020000_P2_run4.npz,20261003,235458,act_n25_s50k_020000,P2,403,13.9,29.3,3,0.114
20261004_001234_act_n25_s50k_020000_P3_run5.npz,20261004,001234,act_n25_s50k_020000,P3,263,9.0,29.6,1,0.104
20261004_001259_act_n25_s50k_020000_P3_run6.npz,20261004,001259,act_n25_s50k_020000,P3,200,6.8,29.8,1,0.095
20261004_001330_act_n25_s50k_020000_P4_run7.npz,20261004,001330,act_n25_s50k_020000,P4,124,4.2,29.8,1,0.086
20261004_001433_act_n25_s50k_020000_P5_run8.npz,20261004,001433,act_n25_s50k_020000,P5,463,16.0,29.2,4,0.133
20261004_001503_act_n25_s50k_020000_P5_run9.npz,20261004,001503,act_n25_s50k_020000,P5,358,12.2,29.6,3,0.087
